{"auc_roc": 0.900037073628602, "recall": 0.8844022169437846, "precision": 0.30419389978213507}